Gender,Average,Maximum,Minimum,Median
F,34.258426966292134,79,18,31
M,38.60427807486631,87,18,36
NA,NA,-Inf,Inf,NA
